{"cameraMode":{"drawMode":0,"name":"Shaded","section":"Shading Mode"},"sceneLighting":false,"audioPlay":false,"sceneViewState":{"m_AlwaysRefresh":false,"showFog":true,"showSkybox":false,"showFlares":true,"showImageEffects":true,"showParticleSystems":true,"showVisualEffectGraphs":true,"m_FxEnabled":true},"in2DMode":false,"pivot":{"x":-2.9141883850097658,"y":-0.16827338933944703,"z":0.013619906269013882},"rotation":{"x":-0.33514145016670229,"y":-0.23992423713207246,"z":0.0886821374297142,"w":-0.9068251848220825},"size":11.801408767700196,"orthographic":false}