{"cameraMode":{"drawMode":0,"name":"Shaded","section":"Shading Mode"},"sceneLighting":true,"audioPlay":false,"sceneViewState":{"m_AlwaysRefresh":false,"showFog":true,"showSkybox":true,"showFlares":true,"showImageEffects":true,"showParticleSystems":true,"showVisualEffectGraphs":true,"m_FxEnabled":true},"in2DMode":false,"pivot":{"x":1.2291007041931153,"y":56.465511322021487,"z":-93.22351837158203},"rotation":{"x":-0.2466260939836502,"y":-0.04710715264081955,"z":0.012104283086955548,"w":-0.9679381847381592},"size":1.8890117406845093,"orthographic":false}