{"cameraMode":{"drawMode":0,"name":"Shaded","section":"Shading Mode"},"sceneLighting":true,"audioPlay":false,"sceneViewState":{"m_AlwaysRefresh":false,"showFog":true,"showSkybox":true,"showFlares":true,"showImageEffects":true,"showParticleSystems":true,"showVisualEffectGraphs":true,"m_FxEnabled":true},"in2DMode":false,"pivot":{"x":-24.183813095092775,"y":12.819710731506348,"z":-13.610166549682618},"rotation":{"x":-0.15582433342933656,"y":-0.48063501715660097,"z":0.08734657615423203,"w":-0.858584463596344},"size":0.8660253882408142,"orthographic":false}