{"cameraMode":{"drawMode":0,"name":"Shaded","section":"Shading Mode"},"sceneLighting":true,"audioPlay":false,"sceneViewState":{"m_AlwaysRefresh":false,"showFog":true,"showSkybox":true,"showFlares":true,"showImageEffects":true,"showParticleSystems":true,"showVisualEffectGraphs":true,"m_FxEnabled":true},"in2DMode":false,"pivot":{"x":-0.7491459250450134,"y":1.8735889196395875,"z":-3.179462194442749},"rotation":{"x":-0.3770335912704468,"y":0.04249541833996773,"z":-0.01729756034910679,"w":-0.9250879287719727},"size":0.8867858648300171,"orthographic":false}