{"cameraMode":{"drawMode":0,"name":"Shaded","section":"Shading Mode"},"sceneLighting":false,"audioPlay":false,"sceneViewState":{"m_AlwaysRefresh":false,"showFog":true,"showSkybox":false,"showFlares":true,"showImageEffects":true,"showParticleSystems":true,"showVisualEffectGraphs":true,"m_FxEnabled":true},"in2DMode":false,"pivot":{"x":-14.808547973632813,"y":-15.864593505859375,"z":0.2584916353225708},"rotation":{"x":0.017987290397286416,"y":0.014393278397619725,"z":0.00027326704002916813,"w":-0.9997566342353821},"size":240.77894592285157,"orthographic":false}